{
    "model_A_report": {
        "0": {
            "precision": 0.9847401049117788,
            "recall": 0.9819305753685211,
            "f1-score": 0.9833333333333333,
            "support": 4206.0
        },
        "1": {
            "precision": 0.983860692291357,
            "recall": 0.9863742814562486,
            "f1-score": 0.9851158834786307,
            "support": 4697.0
        },
        "accuracy": 0.984274963495451,
        "macro avg": {
            "precision": 0.9843003986015679,
            "recall": 0.9841524284123848,
            "f1-score": 0.984224608405982,
            "support": 8903.0
        },
        "weighted avg": {
            "precision": 0.9842761488207844,
            "recall": 0.984274963495451,
            "f1-score": 0.9842737621811892,
            "support": 8903.0
        }
    },
    "model_B_report": {
        "0": {
            "precision": 0.9880696731090431,
            "recall": 0.9845458868283404,
            "f1-score": 0.9863046326068834,
            "support": 4206.0
        },
        "1": {
            "precision": 0.9862054329371817,
            "recall": 0.9893549073876943,
            "f1-score": 0.9877776596875332,
            "support": 4697.0
        },
        "accuracy": 0.9870830057284061,
        "macro avg": {
            "precision": 0.9871375530231123,
            "recall": 0.9869503971080174,
            "f1-score": 0.9870411461472083,
            "support": 8903.0
        },
        "weighted avg": {
            "precision": 0.9870861466474871,
            "recall": 0.9870830057284061,
            "f1-score": 0.9870817648317304,
            "support": 8903.0
        }
    },
    "model_C_report": {
        "0": {
            "precision": 0.9997257268239166,
            "recall": 0.8666191155492154,
            "f1-score": 0.9284258787570046,
            "support": 4206.0
        },
        "1": {
            "precision": 0.8932851436180331,
            "recall": 0.9997870981477539,
            "f1-score": 0.9435402853124372,
            "support": 4697.0
        },
        "accuracy": 0.9368752106031675,
        "macro avg": {
            "precision": 0.9465054352209749,
            "recall": 0.9332031068484847,
            "f1-score": 0.9359830820347208,
            "support": 8903.0
        },
        "weighted avg": {
            "precision": 0.9435703388290796,
            "recall": 0.9368752106031675,
            "f1-score": 0.9363998614135098,
            "support": 8903.0
        }
    }
}