{
    "cv_mean_roc": 0.9999667455365928,
    "cv_std_roc": 6.646938289507408e-05,
    "test_roc": 0.985621532182651,
    "confidence_interval_95": [
        0.9834113704184883,
        0.9878420822131821
    ],
    "training_time_sec": 0.3668863773345947,
    "inference_time_sec": 0.0024788379669189453
}